0,1.0000000000000004,"0"
0.1,0.9556995361801106,"0.1094711633157489"
0.2,0.8495793856245979,"0.2979210033359078"
0.30000000000000004,0.722958632774489,"0.5032034670143715"
0.4,0.6000367620179237,"0.7069069442655158"
0.5,0.4952879214969679,"0.8862531422524232"
0.6000000000000001,0.42165845739172825,"1.0177599603148861"
0.7000000000000001,0.37833238749110076,"1.1047835683286957"
0.8,0.34595581661051317,"1.1800985425380905"
0.9,0.30790437779623764,"1.2663441210304414"
1,0.2715474648840934,"1.3426187006500256"
1.1,0.26086293069989874,"1.3639483930533738"
1.2000000000000002,0.2885102841074038,"1.306629452502457"
1.3,0.3373320971116423,"1.1991162176756949"
1.4000000000000001,0.3702688229537131,"1.1210195780626908"
1.5,0.3615961897951889,"1.1426860473575104"
1.6,0.3206097700773547,"1.2381988718702492"
1.7000000000000002,0.2815046941549688,"1.3229486125732846"
1.8,0.2682284874346704,"1.3506682498156608"
1.9000000000000001,0.2750690962295845,"1.3372538739860822"
2,0.28475315326424333,"1.3193906991481357"
2.1,0.2950565400420115,"1.3020181985972097"
2.2,0.3161739885697382,"1.261260073901776"
2.3000000000000003,0.3480188340990209,"1.1922135200529582"
2.4000000000000004,0.3752476096829186,"1.12851105990212"
2.5,0.3865287190670302,"1.1058651215186233"
2.6,0.388475367351764,"1.1145796492485414"
2.7,0.39699507238409476,"1.1157142453654019"
2.8000000000000003,0.42049557768789736,"1.0877933736447267"
2.9000000000000004,0.4532535949283935,"1.0389342018924812"
3,0.4804035477170443,"0.9950500891001425"
3.1,0.4873773608730962,"0.983320904322233"
3.2,0.46842253285622387,"1.014735656752349"
3.3000000000000003,0.4300025737661737,"1.0765215476612258"
3.4000000000000004,0.38609283511925635,"1.1450896257165442"
3.5,0.34836222851766835,"1.203866434473031"
3.6,0.31998471017523755,"1.2500103259239579"
3.7,0.2984171191423425,"1.2881578335308856"
3.8000000000000003,0.2821680522281434,"1.3193078292909157"
3.9000000000000004,0.272872194867382,"1.3383372807775604"
4,0.27201580963439953,"1.3409811660430826"
4.1000000000000005,0.2788120960415671,"1.327603562250255"
4.2,0.29158916296781884,"1.300726269613488"
4.3,0.3083417642997854,"1.2643056467396228"
4.4,0.32457575657651105,"1.2278685963820224"
4.5,0.3329878538244148,"1.2078914541055656"
4.6000000000000005,0.32817020698143173,"1.218243344630614"
4.7,0.31210133083310687,"1.2550149435782267"
4.800000000000001,0.2936999108273167,"1.2962816656036393"
4.9,0.2818668207773565,"1.322059384880581"
5,0.2789455389949567,"1.3285260509243548"
5.1000000000000005,0.28130392025255846,"1.3240181231508763"
5.2,0.2852074156906297,"1.3163930716357224"
5.300000000000001,0.28985973180126656,"1.3071711194887712"
5.4,0.29466764946753393,"1.297597308864681"
5.5,0.29703165891177946,"1.293544540914268"
5.6000000000000005,0.29532072817254174,"1.2987594150795592"
5.7,0.2918312843371929,"1.3078117849847595"
5.800000000000001,0.28995406658331513,"1.312885415814545"
5.9,0.28999085856667006,"1.3133538867963863"
6,0.2906616223028063,"1.312280960330152"
6.1000000000000005,0.2931478491094119,"1.307378928253865"
6.2,0.2998402337449524,"1.2929193835683566"
6.300000000000001,0.30941821452320084,"1.2700996386415229"
6.4,0.3165785329722326,"1.2502227333179565"
6.5,0.31717714658947793,"1.2447395833255128"
6.6000000000000005,0.31160780858623577,"1.2546770910502227"
6.7,0.3034220702839552,"1.2721888702051602"
6.800000000000001,0.296812211944531,"1.2872529501328938"
6.9,0.2951255968499856,"1.2920401566028903"
7,0.29942922844619435,"1.2840216073216264"
7.1000000000000005,0.30768199182284783,"1.2671228649361037"
7.2,0.3160680023659592,"1.2490079116542512"
7.300000000000001,0.3215243775686966,"1.2362653121092169"
7.4,0.32324230622997235,"1.2312030782975372"
7.5,0.32239907158687614,"1.2320129740721637"
7.6000000000000005,0.32069341959017755,"1.2355041596836822"
7.7,0.3189371156247747,"1.2396765212029701"
7.800000000000001,0.3170021716491074,"1.2440372782518934"
7.9,0.31479849389965664,"1.2484596738986782"
8,0.3126064187223681,"1.252741413561546"
8.1,0.310378366095143,"1.2575182876000923"
8.200000000000001,0.30738766040463283,"1.2644492372859923"
8.3,0.30298565634565455,"1.2746183268011233"
8.4,0.29745276009966687,"1.287163128832373"
8.5,0.29174996255312796,"1.2999551266101432"
8.6,0.2865696699363667,"1.3114791694608972"
8.700000000000001,0.28206032220375876,"1.3213334000284218"
8.8,0.2785018964301924,"1.328883053254109"
8.9,0.27681462440201204,"1.3322834328557749"
9,0.2781941984391779,"1.3290736948375375"
9.1,0.28330569068847566,"1.317536650504021"
9.200000000000001,0.29154847560870945,"1.2984086702004989"
9.3,0.30073499226291184,"1.2763701526156852"
9.4,0.30783064917738634,"1.25913132262067"
9.5,0.31085108226301006,"1.252584159693186"
9.600000000000001,0.31064129170038773,"1.2548109168284913"
9.700000000000001,0.3108302717840758,"1.2563337559352794"
9.8,0.31520423894645144,"1.247799125164306"
9.9,0.3239169129713786,"1.2284504782206518"
10,0.33232168326999967,"1.2089181547950258"
10.100000000000001,0.33486215152899135,"1.2031525828628462"
10.200000000000001,0.33058486643929397,"1.2136917644888336"
10.3,0.32394672212521697,"1.2290806014405828"
10.4,0.32003578070367544,"1.237367151822321"
10.5,0.3200068498085603,"1.2364429536430095"
10.600000000000001,0.3213625899713821,"1.2325266037393579"
10.700000000000001,0.3214107054387415,"1.2324512622706734"
10.8,0.31935983352255404,"1.2383032329375436"
10.9,0.31537875760770145,"1.248935499209124"
11,0.30921369071048466,"1.2637090788120662"
11.100000000000001,0.3010973520309482,"1.281277997448299"
11.200000000000001,0.29316331061521983,"1.2970525642516315"
11.3,0.2878178800347381,"1.3069066781916152"
11.4,0.2847856036823897,"1.3127289885395934"
11.5,0.2818802726925836,"1.3196367858818796"
11.600000000000001,0.27868297165374717,"1.3277178024266116"
11.700000000000001,0.277072812909463,"1.3320703318414844"
11.8,0.27792987475512004,"1.3306682362975497"
11.9,0.27987494488736075,"1.3263899862554485"
12,0.2817635621940974,"1.3215011449532672"
12.100000000000001,0.28390038505583204,"1.3155644538340012"
12.200000000000001,0.2860783142766219,"1.3097801349432936"
12.3,0.28691227009681497,"1.3079267053932662"
12.4,0.2862997320869559,"1.3102600453249247"
12.5,0.2865656023867339,"1.3110165243059315"
12.600000000000001,0.2896951895347456,"1.3053237224591434"
12.700000000000001,0.2945264627166901,"1.2956480131974422"
12.8,0.29785380492647806,"1.2892121700647545"
12.9,0.29770116319103423,"1.2903294158107919"
13,0.29461324990345916,"1.29721064916424"
13.100000000000001,0.29008426562723233,"1.3060491709644684"
13.200000000000001,0.2847442388224348,"1.3157154845358519"
13.3,0.2787070959067448,"1.326846539290964"
13.4,0.2734951377480034,"1.3369701415052915"
13.5,0.27247987852137945,"1.3391392971087435"
13.600000000000001,0.2780759645530968,"1.3277275091129859"
13.700000000000001,0.2884913994261327,"1.3053583420132135"
13.8,0.2986124300596819,"1.2824513067812287"
13.9,0.30464217985568376,"1.26835026271776"
14,0.3067952113748284,"1.2635955156629743"
14.100000000000001,0.3072179571649492,"1.2629513220460253"
14.200000000000001,0.3071905840843021,"1.2627721983206217"
14.3,0.307299573745196,"1.2617552813906217"
14.4,0.3080157057401073,"1.2595466072050763"
14.5,0.3079982073715781,"1.2599986518261306"
14.600000000000001,0.3036744546642305,"1.2711929488337312"
14.700000000000001,0.29336109828057255,"1.295523053295248"
14.8,0.2810296184965797,"1.3229125483804376"
14.9,0.27333906575469896,"1.339544563959852"
15,0.27305666959657215,"1.3408055207087055"
15.100000000000001,0.2774652794594141,"1.3325588948487044"
15.200000000000001,0.28291163067179803,"1.3218741547602457"
15.3,0.2882395417896875,"1.3107366471408195"
15.4,0.29304814652066713,"1.2999498811674317"
15.5,0.29526562644133086,"1.2945717066756919"
15.600000000000001,0.2929673125687833,"1.2995454914620717"
15.700000000000001,0.2879172719728271,"1.3106004768944173"
15.8,0.284968234101281,"1.3165483695049907"
15.9,0.28724935640632515,"1.311172279695561"
16,0.29317071687746227,"1.2986147098895637"
16.1,0.2986435338492229,"1.2877907425563337"
16.2,0.3009094659867771,"1.2844502127963902"
16.3,0.29956105660102333,"1.2891134133820854"
16.400000000000002,0.295612904996423,"1.2991354992549617"
16.5,0.2914528133941327,"1.3090635016392318"
16.6,0.2910001929806252,"1.3105045131336945"
16.7,0.29763509996029275,"1.296211877033336"
16.8,0.31065211353037747,"1.2668241130091527"
16.900000000000002,0.3243552570670514,"1.233686772865315"
17,0.33228925350303656,"1.2122000480741453"
17.1,0.3329068359411053,"1.2083168472735402"
17.2,0.3298979173644653,"1.2141790658772948"
17.3,0.3270878240729508,"1.2201307764722966"
17.400000000000002,0.3254869101759933,"1.2237431903677465"
17.5,0.3251360725062637,"1.2261864157021698"
17.6,0.3254438076116286,"1.229962054938512"
17.7,0.32267572423317314,"1.2416580337458396"
17.8,0.3123605949920834,"1.2658367093923404"
17.900000000000002,0.2967086754681806,"1.2948935237841486"
18,0.28506537726713105,"1.3138209902308071"
18.1,0.2840597269788767,"1.3149325635448723"
18.2,0.2909895617367553,"1.3039777209434704"
18.3,0.2995937615399892,"1.2904676467945153"
18.400000000000002,0.3085656761702084,"1.274312603197844"
18.5,0.3202162239784332,"1.2491672812919248"
18.6,0.3325304966906515,"1.2196106468756998"
18.7,0.3374328124023782,"1.2064873949219357"
18.8,0.32886199219173834,"1.2254058142164883"
18.900000000000002,0.3108143770204217,"1.2641537461783696"
19,0.29529111077406184,"1.2954339632043848"
19.1,0.29174170548333844,"1.302124596904029"
19.200000000000003,0.2989200792174781,"1.2882269457832807"
19.3,0.3075881933585527,"1.2727118358113934"
19.400000000000002,0.31106956916000594,"1.269499803620581"
19.5,0.31198230202124744,"1.2721571137924728"
19.6,0.31770906268150373,"1.2629530471930388"
19.700000000000003,0.33033434319380933,"1.2353022209747464"
19.8,0.34308772169601165,"1.204697831773263"
19.900000000000002,0.34710666284031816,"1.194552945133742"
20,0.3401840544817084,"1.2103786699697368"
20.1,0.32764557355518475,"1.2377233140791861"
20.200000000000003,0.3155027556416762,"1.2623689591909037"
20.3,0.304916415488854,"1.28226319276232"
20.400000000000002,0.2940881006847952,"1.3019569281017382"
20.5,0.2836165741916636,"1.320909124789734"
20.6,0.27781234925829285,"1.3308170227888882"
20.700000000000003,0.2807302023497478,"1.3237229453704433"
20.8,0.29170499094347047,"1.300836636380752"
20.900000000000002,0.30478539921690895,"1.2738020465673607"
21,0.31297978228376677,"1.2568293236439105"
21.1,0.31417664924650673,"1.2548656489916337"
21.200000000000003,0.31278136699834935,"1.2595841325722121"
21.3,0.3148008451864981,"1.2590732965231781"
21.400000000000002,0.32220524292912944,"1.2488608553122367"
21.5,0.33292469636544725,"1.23177421217513"
21.6,0.34431852414513364,"1.21149690882269"
21.700000000000003,0.3542030565335127,"1.1914627379635214"
21.8,0.3596448769213004,"1.1779616567709952"
21.900000000000002,0.3579396575843988,"1.177672214624221"
22,0.34963435414538635,"1.191524702857112"
22.1,0.3388390431371856,"1.2129935209603422"
22.200000000000003,0.3294734440954739,"1.2336831162582163"
22.3,0.3221086812139735,"1.2504456313052388"
22.400000000000002,0.31520191835892974,"1.2648521986245358"
22.5,0.3081403094222287,"1.2778433734217942"
22.6,0.30161186824906494,"1.2887111970082255"
22.700000000000003,0.2958069598762987,"1.2982005484672385"
22.8,0.2900873176754185,"1.3084124119756957"
22.900000000000002,0.28457580286688433,"1.3191394840499464"
23,0.28088407122693815,"1.3267920340219237"
23.1,0.2805828614617031,"1.3280338045370623"
23.200000000000003,0.2829311126300572,"1.3242371822802002"
23.3,0.28450504979146446,"1.321819276543171"
23.400000000000002,0.2821712662489425,"1.3263918346343437"
23.5,0.2772076489018606,"1.3353406671834083"
23.6,0.2754964482021912,"1.3380116212249216"
23.700000000000003,0.28211978517684266,"1.3249649300650745"
23.8,0.2959385650448655,"1.2971060281222986"
23.900000000000002,0.3105136278028374,"1.2661217329012244"
24,0.31988982187524095,"1.2456077159347687"
24.1,0.32230516867363135,"1.2413154082560893"
24.200000000000003,0.3190019155596999,"1.2504471116387166"
24.3,0.3118082788436902,"1.26707270569527"
24.400000000000002,0.3030693982446402,"1.2850687515742323"
24.5,0.29688224852981926,"1.2971664116210313"
24.6,0.29841959222738584,"1.2943120753853432"
24.700000000000003,0.3102369583021741,"1.2705145025430644"
24.8,0.32834637428436997,"1.2315347393913407"
24.900000000000002,0.34302787420006026,"1.1982211870983739"
25,0.34593737054647905,"1.1929928970947143"
25.1,0.3374168082494765,"1.215163680328783"
25.200000000000003,0.3258401008033024,"1.242372801038846"
25.3,0.31941856913558747,"1.2565349861511996"
25.400000000000002,0.31952229700073853,"1.2567854012279778"
25.5,0.3216636776516708,"1.2536033688664012"
25.6,0.3210065402214741,"1.256203281321896"
25.700000000000003,0.3159908515216278,"1.2661006437314346"
25.8,0.30786069540441396,"1.2802357396521988"
25.900000000000002,0.2983850443136122,"1.295976450485928"
26,0.2888040964297829,"1.3119780948737243"
26.1,0.2807313288034455,"1.3255543344510445"
26.200000000000003,0.2769106227432935,"1.3311542380895574"
26.3,0.279655759476225,"1.3236957935117537"
26.400000000000002,0.288114257687347,"1.3045610181475498"
26.5,0.29793218874681027,"1.2832005509214528"
26.6,0.30460844046237623,"1.2700345935060802"
26.700000000000003,0.30719551652454435,"1.2667996798105066"
26.8,0.30810214173746936,"1.2668487251495864"
26.900000000000002,0.3094454628139482,"1.2648939481486794"
27,0.31066677156827793,"1.262562890900449"
27.1,0.3097673603345171,"1.2645477652681145"
27.200000000000003,0.3054606090888228,"1.27337357581849"
27.3,0.2977254046068412,"1.2890311607608227"
27.400000000000002,0.28771716049253704,"1.3094425970276902"
27.5,0.27790250917070947,"1.329581756055874"
27.6,0.27142274654339404,"1.3429172015667044"
27.700000000000003,0.27069543776396443,"1.3444812211696875"
27.8,0.2763495527483532,"1.3326877009180236"
27.900000000000002,0.28643169158949244,"1.3110026211875256"
28,0.2962434475295893,"1.2892580074579922"
28.1,0.30067137427699464,"1.2793857913375457"
28.200000000000003,0.29814122775828955,"1.2854888517412164"
28.3,0.29168176398823054,"1.3004272076427086"
28.400000000000002,0.2856885618766554,"1.3140904123233252"
28.5,0.2825214616550662,"1.321403115000402"
28.6,0.28193376236173706,"1.3230231867103357"
28.700000000000003,0.28201257558614834,"1.3229466399275651"
28.8,0.2805090000472461,"1.3257137222075772"
28.900000000000002,0.27689778929218656,"1.3323596818818915"
29,0.27362903950660233,"1.338137206142163"
29.1,0.27449987675387993,"1.3356970000592634"
29.200000000000003,0.28155023222282727,"1.3207601902808985"
29.3,0.29363250150077574,"1.2950037440074589"
29.400000000000002,0.3073547659780255,"1.2649118694879826"
29.5,0.31888690083961535,"1.238842145653669"
29.6,0.3253368729534274,"1.2243422273372566"
29.700000000000003,0.3254195063244103,"1.2253067210709292"
29.8,0.31981614609140535,"1.2395208522252328"
29.900000000000002,0.3112027601189921,"1.2598302820909357"
30,0.30298866041879485,"1.2783448609596646"
30.1,0.29696699343376465,"1.2911996771860836"
30.200000000000003,0.2923457767616413,"1.300260144495566"
30.3,0.28745341394163937,"1.3094492844326258"
30.400000000000002,0.28186871680374337,"1.3201000163286907"
30.5,0.2765573593502744,"1.3304427287418157"
30.6,0.2726079873060063,"1.3381872827733183"
30.700000000000003,0.2704916985556884,"1.3422609956956555"
30.8,0.2705557481804621,"1.3419423777928046"
30.900000000000002,0.2736671068006422,"1.335492831305938"
31,0.28010315678589737,"1.322333535828037"
31.1,0.2871487892407657,"1.308046274218571"
31.200000000000003,0.289546243198223,"1.3036345577163089"
31.3,0.28458741077159255,"1.3146541820871978"
31.400000000000002,0.27603193783625796,"1.3329307473968437"
31.5,0.27073010778610984,"1.3442609462537793"
31.6,0.271696059584349,"1.342559489724388"
31.700000000000003,0.2763489831163184,"1.3331062080238283"
31.8,0.28074070297039433,"1.324052168648097"
31.900000000000002,0.28297278820241917,"1.3191840007958087"
32,0.2828131289303569,"1.3190016454780586"
32.1,0.28092102839365674,"1.3226281942043263"
32.2,0.2794076890805104,"1.325877605702058"
32.300000000000004,0.28125588719190037,"1.3223096615868397"
32.4,0.28773915365043384,"1.3089987387320292"
32.5,0.29656139514397706,"1.2905562943236761"
32.6,0.3030126176895579,"1.2770917650287243"
32.7,0.3035939671292711,"1.2759320346169618"
32.800000000000004,0.2989282759546557,"1.2851431255259005"
32.9,0.2923085330339624,"1.2982262755302516"
33,0.28523314108183795,"1.3129261458902723"
33.1,0.27666686343191904,"1.3312037006585884"
33.2,0.2676264879335206,"1.3502133295608012"
33.300000000000004,0.26311453641748783,"1.3595653063456523"
33.4,0.26702803142063175,"1.3520181854975122"
33.5,0.2774978974017678,"1.3315329566704965"
33.6,0.2893184884766057,"1.3079516485060898"
33.7,0.29909486194727863,"1.2875719742632052"
33.800000000000004,0.30658446793894656,"1.2709714406556714"
33.9,0.3126695611449063,"1.2568152348595434"
34,0.31743340743990067,"1.24542632014993"
34.1,0.31954195055759543,"1.240176374164687"
34.2,0.31663815695109665,"1.2465613140479408"
34.300000000000004,0.30686453109858536,"1.2682848284493098"
34.4,0.2914493890929211,"1.3016962690231983"
34.5,0.2758884625876281,"1.3345520506096955"
34.6,0.266324298431748,"1.3543489278502814"
34.7,0.263653437203931,"1.3597456907968097"
34.800000000000004,0.26352408402410005,"1.3596907992351617"
34.9,0.2632332784391157,"1.3595170052770853"
35,0.2652856851569263,"1.354467184475391"
35.1,0.2721323508584013,"1.3399985747560024"
35.2,0.28102216012793907,"1.3215401911354914"
35.300000000000004,0.28733294953544486,"1.3080945811950588"
35.4,0.29055288130935286,"1.3007310505295986"
35.5,0.2936704609707896,"1.2939968954096737"
35.6,0.29796061137659047,"1.2854741281856699"
35.7,0.3012283707334543,"1.2790876598485894"
35.800000000000004,0.30111770508215313,"1.2792940981281145"
35.9,0.29835291517059537,"1.2847851343354346"
36,0.2958202231715347,"1.2902077432478585"
36.1,0.2946525001263757,"1.2934894696456236"
36.2,0.2924539671273412,"1.2990985300983715"
36.300000000000004,0.2869332150355618,"1.3112495237485742"
36.4,0.28044960597536306,"1.3248198277961847"
36.5,0.278065623684426,"1.3296094436033594"
36.6,0.2811399896870531,"1.323353311659536"
36.7,0.2864276878325445,"1.3128246579389669"
36.800000000000004,0.29204158259417706,"1.3012964177837236"
36.9,0.29985412229667285,"1.2839908777447926"
37,0.30983425477376525,"1.2607028710973167"
37.1,0.315994227782003,"1.2454514552773859"
37.2,0.3119509381789021,"1.253988117335066"
37.300000000000004,0.2990010493603513,"1.2827125726129203"
37.4,0.28528717794727726,"1.3124321350209378"
37.5,0.2774940454625239,"1.3292334708555875"
37.6,0.27609621230313364,"1.3326583612740932"
37.7,0.27790658163780624,"1.329607525505202"
37.800000000000004,0.2796319754760459,"1.3271948712324932"
37.9,0.2789574854524213,"1.329788007273926"
38,0.27617220419606636,"1.3357070231587913"
38.1,0.27591237967165416,"1.33502167175227"
38.2,0.2837346369455433,"1.3168893216795807"
38.300000000000004,0.2987085573026811,"1.2831102787235342"
38.400000000000006,0.3118264582300039,"1.2526744156500595"
38.5,0.3145619955688721,"1.2463410043217613"
38.6,0.3079903667633661,"1.2627936485080813"
38.7,0.3011917676853831,"1.280426404169187"
38.800000000000004,0.30174405057989717,"1.2816239476101494"
38.900000000000006,0.31026923009202745,"1.2644361546455218"
39,0.32258310718669175,"1.2375616181326041"
39.1,0.33293650443278766,"1.2138588029673998"
39.2,0.3356011806806648,"1.2070432715342583"
39.300000000000004,0.32795583097667447,"1.22385062848864"
39.400000000000006,0.31359987579409454,"1.255457288575493"
39.5,0.3002035883294256,"1.2840142552422709"
39.6,0.2934537220805573,"1.2975768840642226"
39.7,0.29377876539494757,"1.2959348825309887"
39.800000000000004,0.2979510206574236,"1.2863317629922042"
39.900000000000006,0.30216524725730787,"1.2767169426122253"
40,0.30376112892435825,"1.2725309664672422"
40.1,0.30143128218976944,"1.2769630714868092"
40.2,0.29498784669795713,"1.2909598984161126"
40.300000000000004,0.28564543606348314,"1.3116274649774442"
40.400000000000006,0.27638612370132404,"1.3318970964473922"
40.5,0.2708578551082565,"1.3440123789104814"
40.6,0.27071934274925835,"1.3448016596966916"
40.7,0.27398182609439603,"1.3382881925505339"
40.800000000000004,0.2768558883769999,"1.332307361326581"
40.900000000000006,0.277961470361172,"1.3304111726209369"
41,0.28033677631714415,"1.3268935960337256"
41.1,0.28825580873621215,"1.3122320761477648"
41.2,0.3017214499041263,"1.284727770147715"
41.300000000000004,0.31478154527654156,"1.2560850209496839"
41.400000000000006,0.3200020060969373,"1.2435251630911164"
41.5,0.31478251733698426,"1.2540731791930158"
41.6,0.30342886445875705,"1.2780480782061723"
41.7,0.2935971164625711,"1.2985594521868615"
41.800000000000004,0.291087940479153,"1.3039783166369108"
41.900000000000006,0.29728544326460093,"1.292465301248266"
42,0.3097197613671561,"1.2695172600598725"
42.1,0.32371607515362044,"1.2437943891751733"
42.2,0.3341586194596846,"1.2239090036575588"
42.300000000000004,0.33766589283154946,"1.2155589755940919"
42.400000000000006,0.3343188654101552,"1.2192688043618236"
42.5,0.3271826428417762,"1.2307192037163763"
42.6,0.31974947310288093,"1.2437146572713915"
42.7,0.31360059578495825,"1.2543497277725937"
42.800000000000004,0.3081529546043273,"1.2634745231917233"
42.900000000000006,0.3023050417286184,"1.2742859744674555"
43,0.29618421901085434,"1.2873260400586224"
43.1,0.2911979068827947,"1.2992713907563092"
43.2,0.28855101220730633,"1.3064974103214857"
43.300000000000004,0.2881824050853207,"1.308164968587588"
43.400000000000006,0.2891441040346453,"1.3059382596589528"
43.5,0.2905061588817676,"1.3021540349257263"
43.6,0.2918578009325997,"1.2984536309783643"
43.7,0.293311472573516,"1.295241868488359"
43.800000000000004,0.2950503275709535,"1.292187500422089"
43.900000000000006,0.29699199163698253,"1.289046083871694"
44,0.29939347963214047,"1.2850578977627787"
44.1,0.30343657632559484,"1.278030976910955"
44.2,0.30995169158851493,"1.2663621592555203"
44.300000000000004,0.3173201001343343,"1.2527250114152741"
44.400000000000006,0.3217559346327731,"1.244133049577139"
44.5,0.32030323923506476,"1.2468410019763538"
44.6,0.3132987613076943,"1.260843573087291"
44.7,0.3039899717541913,"1.2796204191842455"
44.800000000000004,0.29612990176868453,"1.2952092240971602"
44.900000000000006,0.29153006241077706,"1.3038464339852804"
45,0.2892212388859383,"1.3077931897219623"
45.1,0.287059700579687,"1.3117366684606908"
45.2,0.2842852439548039,"1.317210006497299"
45.300000000000004,0.28187429202258873,"1.3219945158288402"
45.400000000000006,0.2804600895288606,"1.324679217921052"
45.5,0.2794544471965217,"1.3264977551275585"
45.6,0.2787188507024675,"1.3280224113681407"
45.7,0.27937737388449396,"1.3274060203485503"
45.800000000000004,0.28217732685772995,"1.3231791509114252"
45.900000000000006,0.28666190059211927,"1.3156520441863708"
46,0.29249263176820584,"1.3046838071329738"
46.1,0.299552506722205,"1.2900392856087042"
46.2,0.30612011712226705,"1.2754042921268953"
46.300000000000004,0.3092867828410244,"1.267561534063153"
46.400000000000006,0.3083632559291739,"1.2687348605080273"
46.5,0.3063593896127196,"1.272468436274604"
46.6,0.30730558137659236,"1.269394718337458"
46.7,0.312664824294677,"1.2554572101557742"
46.800000000000004,0.3198054588055736,"1.2359366158866387"
46.900000000000006,0.32334729662073775,"1.2244833872014318"
47,0.31931056615891396,"1.233394080345914"
47.1,0.30910395032871224,"1.2592421362763735"
47.2,0.2989653588675648,"1.2850472447144274"
47.300000000000004,0.295352309353778,"1.296138785176523"
47.400000000000006,0.3009511758899062,"1.2883642141540104"
47.5,0.3135250997675618,"1.2674545576499807"
47.6,0.3270253421599795,"1.2453370310185021"
47.7,0.3347304192792781,"1.233976178631732"
47.800000000000004,0.3329823340051563,"1.2388148922823077"
47.900000000000006,0.32245684368340755,"1.2577766454052517"
48,0.30662849941771675,"1.2849811045637005"
48.1,0.29011754680839075,"1.3129842393782767"
48.2,0.2776901243935545,"1.333680958121917"
48.300000000000004,0.2724610628648032,"1.3414481057941978"
48.400000000000006,0.2738740133431966,"1.3369749591978917"
48.5,0.2779017662895789,"1.3274509052044703"
48.6,0.279905579174887,"1.3221227397716362"
48.7,0.27791948442619663,"1.325655547344931"
48.800000000000004,0.2737633680751219,"1.3346678464015937"
48.900000000000006,0.27102596699264414,"1.3418278096144058"
49,0.2717987135625646,"1.3426348617435226"
49.1,0.2755152529754237,"1.337458724888893"
49.2,0.2806436954351378,"1.3283650121669857"
49.300000000000004,0.286579424810981,"1.3159340618401476"
49.400000000000006,0.2938969609234722,"1.2993346050313908"
49.5,0.3036242217246411,"1.2776654910560334"
49.6,0.31598993358186434,"1.2518485375648551"
49.7,0.32892477222222116,"1.2266813725082522"
49.800000000000004,0.3385293248700749,"1.2094370645449246"
49.900000000000006,0.34236230084621555,"1.2040573903117615"
50,0.3414282081053278,"1.2073293194863917"
